PROCESSED,BASE_PATH,REDIRECT,REDIRECT_TYPE,410 (GONE),404 (NOT FOUND),LOCALE,DOCUMENT_TYPE,CONTENT_ID
,/access-finance-hbv-loan-funds,/business-finance-support-finder,prefix,,,en,placeholder,eae7f9e6-50d6-47a2-8375-a17a87edcd11
,/accessiblebritain,/government/collections/accessible-britain-challenge-creating-inclusive-communities-for-disabled-people,exact,,,en,campaign,d7b9c981-6c00-4b42-b5b8-0447d091844f
,/accidents-at-work,,,,404,en,answer,ef359e9e-43af-4cd4-bb80-d26b899faf33
,/active-belfast-grants,/business-finance-support-finder,prefix,,,en,business_support,ab8c53e6-947b-4cd6-80e2-0b6573d88ef8
,/advanced-learning-loans,/advanced-learner-loan,prefix,,,en,placeholder,29c00c2e-e525-4ebc-866b-e1ecf5c66445
,/advanced-manufacturing-supply-chain-initiative,/business-finance-support-finder,exact,,,en,business_support,4ecce01d-cd01-472e-ac5b-ada1eb5cdc53
,/advisory-services-fermanagh,/fermanagh-enterprise-limited,prefix,,,en,business_support,5eb34b8e-bceb-42f9-b446-d8ec22ada6dd
,/agricultural-and-forestry-processing-and-marketing-grant-scheme,,prefix,410,,en,business_support,3c117a7e-5cbf-4b7e-81ad-c25b1ee56c57
,/alcohol-and-tobacco-excise-duty,/tax-on-shopping/alcohol-tobacco,exact,,,,placeholder,ecc5c628-4140-4027-aa7b-e3785d2b4185
,/amusement-machine-licence-all-uk,/machine-game-duty,prefix,,,en,placeholder,bf8b169c-7438-4dcd-b525-08b588637ce8
,/animal-movement-england,/government/collections/general-licence-for-the-movement-of-pigs-sheep-and-goats,prefix,,,en,licence,7bcce4b9-55c0-4480-bcc1-3a8792681e74
,/animal-movement-licence-scotland,/government/collections/general-licence-for-the-movement-of-pigs-sheep-and-goats,prefix,,,en,licence,3d33256b-8636-4a02-8cf9-05e03bb5ca70
,/animal-movement-wales,/government/collections/general-licence-for-the-movement-of-pigs-sheep-and-goats,prefix,,,en,licence,5af35ea6-3437-4b49-ad9e-e82bbf8ddcbe
,/annual-accounting-scheme,/vat-annual-accounting-scheme,exact,,,en,business_support,7a224c9d-2362-4178-b2e4-f68164c241c5
,/appeal-council-housing-decision,/council-housing/complaints,prefix,,,en,local_transaction,24506e8a-67e3-4cf1-9583-75866f226838
,/appeal-school-admission-decision,/schools-admissions/appealing-a-schools-decision,prefix,,,en,placeholder,fd2be82e-2cfd-4d95-88c1-0304a89f1250
,/appeal-tax-credits-decision,,,,404,en,answer,fe03ec62-d47e-41c2-a8ff-bfd1a11a5888
,/apply-become-lgv-driving-instructor,/government/publications/apply-to-take-the-lgv-instructor-driving-tests,exact,,,en,transaction,593830e6-4b39-4dab-a062-437dae7583e1
,/apply-building-regulation-approval-from-council,/building-regulations-approval/how-to-apply,exact,,,en,local_transaction,6cd48c45-80f3-47ce-86cd-95f5f897f098
,/apply-faster-entry-usa,/global-entry-usa,exact,,,en,transaction,fd019188-1473-4304-bdd6-cb812672ffa9
,/apply-for-a-dispensation,/employer-reporting-expenses-benefits/dispensations,exact,,,en,placeholder,af044cbb-da37-4869-8ce5-fe6282ea9040
,/apply-for-a-vehicle-identity-check-vic,/vehicle-identity-check,exact,,,en,placeholder,0291e069-9fbc-43d6-9195-a0b30f63be14
,/apply-for-an-eu-ecolabel,/guidance/apply-for-an-eu-ecolabel,exact,,,en,placeholder,bcc13242-efb3-4eaf-8411-088036a0d54c
,/apply-for-fuel-relief,/guidance/fuel-duty-reliefs,exact,,,en,answer,a54e73dc-874b-4182-89dc-bd7e3968a1ab
,/apply-for-student-finance-2011-12,,,,404,en,guide,c5626e45-951c-44d8-bead-6efe15a3670f
,/apply-for-student-finance-2012-13,,,,404,en,programme,340e62fb-5ed0-4d72-a43a-8e073c635a10
,/apply-for-tax-disc-in-advance,/vehicle-tax-advance,prefix,,,en,placeholder,8f58d590-2f65-4156-9fa6-b6c0dfb70729
,/apply-growth-vouchers,/government/collections/growth-vouchers-programme,prefix,,,,placeholder,ab62cd34-fe53-4aea-a7cb-f1e959bb588a
,/apply-home-improvement-fund,/green-deal-energy-saving-measures/get-money-back-from-the-green-deal-home-improvement-fund,exact,,,,placeholder,45d67c83-c5fa-4e8c-98d9-762ba8ea84f5
,/apply-jobseekers-allowance,,,,404,en,placeholder,1f6480ab-395f-4d32-840f-458b218e4f1e
,/apply-queens-award-enterprise,/queens-awards-for-enterprise/how-to-apply,exact,,,en,transaction,4696958d-e8d9-44c2-9cf6-8fde9fbb88b4
,/apply-renew-european-health-insurance-card,,,,404,en,transaction,49a8014b-6bc5-478c-a178-99bb600cff7a
,/apply-strategic-export-licence-spire,/guidance/export-military-or-dual-use-goods-services-or-technology-special-rules,exact,,,en,transaction,d89453ca-cdf2-4b25-be0f-6eeaeb294ae1
,/apprenticeships,,,,404,en,answer,060d768b-dcc7-41cf-a16e-27546255c917
,/argyle-business-centre,,prefix,410,,en,business_support,f81084b2-239a-4522-8e11-2795fd2fdbdb
,/arts-and-culture-programme-derry,/business-finance-support-finder,prefix,,,en,business_support,b480e912-accb-4599-85d5-18f3bc517b65
,/arts-and-disability-awards-northern-ireland,/business-finance-support-finder,prefix,,,en,business_support,da13aa5b-b89a-40aa-a469-b7442a31c4e2
,/atp-certification,,,,404,en,licence,ba8de07b-6951-4919-b6bf-32a77c07228d
,/authorisation-to-issue-horse-passports,/horse-passport,prefix,,,en,licence,8ca7250b-e940-4b58-8916-0224c2acdbbd
,/auto-enrolment-workplace-company-pension,,,,404,en,placeholder,61fe4d6b-f906-47fa-8165-36f9dc25f83b
,/avoid-business-cashflow-problems,/write-business-plan,prefix,,,en,video,e0141c08-27ad-4c66-b678-68638fd96ff5
,/awareness-workshops-northern-ireland,,prefix,410,,en,business_support,f08e8f2a-a911-4489-8a11-885d7dadeedc
,/backdating-your-tax-credits-claim,,,,404,en,answer,9c1d0c91-2fd8-4535-a4e8-97f388beafa4
,/backing-business-programme-allerdale-and-copeland,/business-finance-support-finder,prefix,,,en,business_support,faceb459-1d07-46d2-927a-cd282df45215
,/bank-of-tmc,,prefix,410,,,placeholder,74d7c0b3-7139-40f1-b3f1-79ca17878774
,/bauhaus-conwy,,prefix,410,,en,business_support,6837ad67-56ad-4e88-a7b5-2f84a49ab4dc
,/become-self-employed,,,,404,en,guide,ddaac1f3-c0d0-4e1f-adbf-1ec5ce8691cd
,/benefit-integrity-centres,/fraud-error-prevention-centres,prefix,,,en,placeholder,db7e7536-b915-4cf2-afc2-77ce6707df85
,/book-change-cancel-practical-driving-tests-pupils,/book-pupil-driving-test,prefix,,,en,answer,c9d6e7f4-64a2-4267-829a-702464945a32
,/book-life-in-uk-test,/life-in-the-uk-test/book-life-in-uk-test,exact,,,en,placeholder,c1996640-c752-4bd6-8593-03931764a779
,/book-manage-theory-tests-for-your-pupils,/book-pupil-theory-test,exact,,,en,transaction,f1c87c95-c61e-4a3b-a14b-f29bf5ddcfbe
,/bradford-kickstart,/business-finance-support-finder,prefix,,,en,placeholder,e1f3b2e6-fd60-4358-944b-867af8ea4a51
,/breakdowns-and-incidents-274-to-287,/guidance/the-highway-code/breakdowns-and-incidents-274-to-287,prefix,,,,placeholder,38a54b0b-abd8-4863-b544-90ef8fe81ff3
,/brewery-licence,/guidance/beer-duty,exact,,,,placeholder,cea717f7-9349-4560-8838-f55d09fb995b
,/bridge-to-employment-northern-ireland,/business-finance-support-finder,prefix,,,en,business_support,d81609a8-2850-4260-ab8c-68f8f85b6a98
,/britainisgreat,/government/news/new-digital-service-to-help-businesses-launch-onto-global-markets,exact,,,en,campaign,61bb437a-3991-4e76-85a0-c2d0375f19e6
,/broadband-connection-voucher-scheme-newport,/broadband-connection-voucher-scheme-newport,prefix,,,en,placeholder,abb031ae-df11-452c-9d3b-ed1bc350e780
,/broadband-connection-vouchers,/business-finance-support-finder,prefix,,,en,business_support,5adf3a1c-e93b-4c7c-ae5d-4152ff88e4a7
,/budding-businesses-grant,/business-finance-support-finder,prefix,,,en,placeholder,d81fb412-7ca4-4f63-9438-7eeacfc43169
,/budgeting-loans,/budgeting-help-benefits,prefix,,,en,placeholder,5cf0f4d4-8c4b-45a7-b6d0-64f84d71a9e2
,/buildings-improvement-grant-knowsley,/business-finance-support-finder/search,prefix,,,en,placeholder,6c726257-6a0c-418d-9116-c6e2beb13c4d
,/bus-registration-search,/find-local-bus-services,exact,,,en,transaction,e928a2dc-129c-4ead-8292-3cbd03bb1d59
,/bus-service-permit-england-london-only,,,,404,en,licence,0c4ce129-7d20-4081-a2ee-ba5941cacf74
,/bus-service-registration,,,,404,en,licence,5d550a8c-406b-430d-ab76-1bf0b6841f1b
,/business-advancement-programme,/business-finance-support-finder,prefix,,,en,business_support,4a8aa53f-9aac-45db-988b-bde7c8d31257
,/business-advice-and-support-merseyside,/business-finance-support-finder,prefix,,,en,business_support,acc28df7-c87c-46ff-9a6d-88c168416c6c
,/business-advice-west-cumbria,/business-finance-support-finder,prefix,,,en,business_support,8c6522a8-559e-4cdf-8ff3-0073efac4de4
,/business-advisory-service-lewisham,,prefix,410,,,placeholder,9bd97c41-33a9-4284-87d6-5e4fcf238994
,/business-consultancy-banbridge,/business-finance-support-finder,prefix,,,en,business_support,eef29a0b-58e9-4d6a-8ab2-3b0072c5f271
,/business-development-programme,,prefix,410,,,placeholder,b5b41bff-f2a7-4f03-8e3d-4e01b91b6bb8
,/business-finance-explained,/business-support-helpline,prefix,,,en,guide,cf9f51a6-f07b-452d-aa05-03562c6b6087
,/business-finance-for-you,/better-business-finance,exact,,,,placeholder,2fdfc46a-dd25-49e4-9d87-9370b656c94e
,/business-growth-service,/business-finance-support-finder,prefix,,,en,business_support,62405a98-0849-482b-a44d-17456b56b45c
,/business-health-check,/business-finance-support-finder,prefix,,,en,business_support,bbbbf93f-87e1-4003-9688-7e1a7c2cc753
,/business-help,/business-support-helpline,prefix,,,en,answer,008eb4a6-3f10-4d77-aff3-93bfa800a1ba
,/business-improvement-training-programme,/business-finance-support-finder,prefix,,,en,business_support,7fb15d0d-8fc7-44af-b5ca-9e1e9578448c
,/business-knowledge-management,/business-support-helpline,prefix,,,en,video,357503ed-0703-42d7-8989-a03d0c48660a
,/business-planning-grant-newport,,prefix,410,,en,business_support,393d8bab-50a4-4eff-b8b3-acfe09773d03
,/business-rates-calculator,,,,404,en,transaction,fbfa8c06-969e-4a74-8b70-5fd8e0677352
,/business-rates-incentive-scheme-middlesborough,/business-finance-support-finder,prefix,,,en,business_support,bd16c3df-b1bc-4e2d-8542-d2ca4fb6e42a
,/business-security-grant-newport,,prefix,410,,en,business_support,f1a63c80-ca98-41fb-a432-1971efbc469b
,/business-selling-customers,/browse/business/sale-goods-services-data,prefix,,,en,video,d5ad82c5-11a7-4f88-a05d-52166c5d3510
,/business-services-northern-ireland,/business-finance-support-finder,prefix,,,en,business_support,1580cb5d-8415-45ce-8501-b1180d600e18
,/business-start-up-grant-capital-funding-rhondda-cynon-taff,,prefix,410,,en,business_support,dc792a40-fa39-42ca-8584-e7cdc6a25dce
,/business-support-grant-rct-wales,/business-finance-support-finder,prefix,,,en,business_support,6a1cf023-fe92-451d-b3ae-5a477b7a79a2
,/business-support-loan-camarthenshire,/business-finance-support-finder/search,prefix,,,en,business_support,eea953c9-4cb3-48ad-bece-f342f5e2bb61
,/business-support-north-east,/business-finance-support-finder,prefix,,,en,business_support,61e4c32d-38e3-4b0b-94d8-757551bb9692
,/business-support-programme-derbyshire,,prefix,410,,,placeholder,f0b1e243-670d-4ecf-98a4-19f50fef0e4a
,/business-support-south-london,,prefix,410,,en,business_support,6c6f2149-59e7-4a85-a28d-5d6d58724759
,/business-training-grant-east-dunbartonshire,/business-finance-support-finder,prefix,,,en,business_support,189f51e0-e0b1-4778-abe2-7f876b0152c1
,/business-transfers-takeovers-workers-rights,,,,404,en,guide,dc8cad57-1413-45d0-9c25-db474c9d97fa
,/business-visitor-visa,/standard-visitor-visa,exact,,,,placeholder,f12c60a9-fc14-45f1-b6c6-fa44897fef03
,/caesarean-section-and-driving,/surgery-and-driving,prefix,,,en,placeholder,e583a43b-9bb4-44cd-826e-7c5206cde18c
,/calculate-redundancy-pay,,,,404,en,transaction,ea109745-1684-47cf-ac77-5c7686e27f33
,/calderdale-business-innovation-grant,,prefix,410,,en,business_support,b5c51539-5353-4b31-8c0d-f1bc2bb56100
,/cancel-driving-theory-test,/cancel-theory-test,exact,,,,placeholder,6ee6ff71-00f3-4c18-a374-ed31f1be5dba
,/cancel-practical-driving-test,/cancel-driving-test,exact,,,,placeholder,323d05ad-f4f9-4280-967e-67fb8f7ab4df
,/capital-cardiff-fund-capital-investment-fund,,prefix,410,,en,business_support,2306d04a-6f09-435a-88e7-5d35846046d1
,/capital-cardiff-fund-new-enterprise,/business-finance-support-finder,prefix,,,en,business_support,113ac137-c814-4da1-bd66-527d8e948c19
,/capital-investment-fund,,prefix,410,,en,business_support,af71ac4b-e1c5-4b49-91b2-d10f14ba4aec
,/careandsupport,/government/publications/care-and-support-whats-changing/care-and-support-whats-changing,exact,,,en,campaign,2cc43870-85dc-4f3d-bbb8-f297f362edff
,/carmarthenshire-lottery-loan,/business-finance-support-finder,prefix,,,en,placeholder,ad546506-2c66-449b-8466-2b672e7e3b4f
,/carrying-out-health-and-safety-consultations,,,,404,en,answer,3b2041e7-5306-4bff-a114-43f8a6891cb8
,/carrying-out-health-and-safety-risk-assessments,,,,404,en,guide,d647587d-46a4-4d03-a53c-b4278ba999f3
,/catchment-sensitive-farming-advisory-tool,/guidance/catchment-sensitive-farming-reduce-agricultural-water-pollution,exact,,,en,transaction,a6fd8325-6cfa-47b6-814b-04790c3cbb1b
,/cbt-compulsory-basic-training,/motorcycle-cbt,exact,,,en,guide,3585f5bd-67db-4deb-b007-48bf21c2ec7a
,/change-date-driving-theory-test,/change-theory-test,exact,,,,placeholder,06e34869-057b-40d7-980d-0ddb642f8ef7
,/change-date-practical-driving-test,/change-driving-test,exact,,,,placeholder,3a6c922a-20a7-47fd-902b-052e49f1b57b
,/changing-your-employees-contract,,,,404,en,guide,c131f9c9-3bbc-47fd-b6c3-1113ee7f85ac
,/check-if-civil-legal-advice-can-help-you,/check-legal-aid,exact,,,,placeholder,0a390066-a7f0-4d62-a5c4-2f25cb899d91
,/check-if-youre-at-risk-of-flooding,/check-flood-risk,prefix,,,en,answer,b7254314-0c29-4f07-b81c-6a596d58a31b
,/check-mot-history-vehicle,/check-mot-history,prefix,,,en,placeholder,df84d214-b9de-4849-a0e1-d8c4fe7167b6
,/child-performance-licence-england-scotland-wales,/apply-for-child-performance-licence,exact,,,,placeholder,234ead29-3b74-4ff0-a94e-a8771b4dfd9d
,/child-visit-visa,/standard-visitor-visa,exact,,,,placeholder,66d09f60-4f8e-4dae-9076-543941b62f22
,/childcare-premises-registration-england,/register-childminder-childcare-provider,exact,,,en,licence,b3da8992-bb01-4173-9f23-39e796050b56
,/childcare-tax-credits,/help-with-childcare-costs/tax-credits,exact,,,,placeholder,7ed56eaf-43bb-468e-8334-baf0b92c65f0
,/choicenotchance,/power-of-attorney,exact,,,en,campaign,48ede48a-b64c-4b12-9fbb-078c523b497e
,/choosing-your-business-premises,/set-up-business,prefix,,,en,video,169f8203-692c-4600-84a7-314317155beb
,/cider-or-perry-maker-s-registration-all-uk,/guidance/cider-duty,prefix,,,en,licence,f4b621f6-a13f-442b-81cb-0b738b64d04a
,/civil-service-apprenticeships,/government/organisations/civil-service-fast-track-apprenticeship,exact,,,en,placeholder,2587c325-19b9-4bca-997a-15f698a473b3
,/coal-mining-and-exploration-licence,/guidance/get-a-licence-for-coal-mining,exact,,,en,licence,33753d5c-49da-4cf9-94a9-96c5908460ac
,/coalfields-funds,/business-finance-support-finder/search,prefix,,,en,placeholder,f030b6dd-f3a0-4c4e-8bd1-15031bbb37d4
,/coast-to-capital-business-growth-grants,,prefix,410,,,placeholder,2f8dc4c4-a1b6-44bd-8ce4-6579e587ec39
,/coastal-communities-fund,/business-finance-support-finder,prefix,,,en,business_support,40968fe5-6bf4-461d-9ced-c613d56fdf00
,/coleraine-enterprise-agency,/business-finance-support-finder,prefix,,,en,business_support,17a0f230-eea3-411d-8989-a4d9c0e5206f
,/collaborative-research-and-development-support-service,,prefix,410,,en,placeholder,11706bb0-86a7-4e54-ab9e-4fb5ff9b4c3d
,/combined-pension-statements-employers,/check-state-pension,prefix,,,en,placeholder,85f42c53-b631-4d23-aa4a-586858ddba74
,/communities-2-0,/business-finance-support-finder,prefix,,,en,business_support,09fa5b07-455c-49b5-b42e-7e782ea9b355
,/community-care-grant,/budgeting-help-benefits,prefix,,,en,placeholder,52b1f22c-0aaa-4708-841e-5b3ae0228921
,/competition-law-unfair-pricing-agreements,/cartels-price-fixing,prefix,,,en,placeholder,00e36b26-e3c8-4981-950a-a06fab890a62
,/complain-about-taxi-minicab,,,,404,en,placeholder,ef05a4da-695b-41c4-aa32-91460a29603b
,/complain-debt-management,/government/organisations/department-for-work-pensions/about/complaints-procedure,prefix,,,,placeholder,a0609bc7-f8da-439d-a57e-c05332d8727f
,/complain-disability,/government/organisations/department-for-work-pensions/about/complaints-procedure,prefix,,,,placeholder,7ebe3067-0a93-456f-8b89-7bb489c621ca
,/complain-jobcentre-plus,/government/organisations/department-for-work-pensions/about/complaints-procedure,prefix,,,,placeholder,62ef8b8b-7cb8-4222-8b1a-c3dd9258e090
,/complain-pension-service,/government/organisations/department-for-work-pensions/about/complaints-procedure,prefix,,,,placeholder,30b02d89-0d55-484a-ae15-3579cc20bd3a
,/complete-deputy-report,/become-deputy/complete-your-annual-report,exact,,,en,transaction,81f94f2e-af08-4677-9931-795ca16cd2ce
,/comprehensive-development-schemes-northern-ireland,/business-finance-support-finder,prefix,,,en,business_support,feff6035-a6b6-4d89-8593-ec65b49d0e32
,/compulsory-basic-training-cbt-courses,/find-motorcycle-training,prefix,,,en,place,adc1c6a7-95cf-4143-a2ca-7e9eeacff0e6
,/contact-child-benefit-office,/government/organisations/hm-revenue-customs/contact/child-benefit,prefix,,,en,placeholder,78d59f0a-b097-488d-b8c4-2a8cdea3c0ff
,/contact-the-tax-credit-office,/government/organisations/hm-revenue-customs/contact/tax-credits-enquiries,exact,,,,placeholder,da73eb18-b992-4200-bcbb-6b7b6c8a3cf3
,/convert-civil-partnership-abroad,/convert-civil-partnership,prefix,,,,placeholder,21d6dd17-c79e-4076-b78e-21bbf8cb3c51
,/cookstown-business-elevate-programme,/business-finance-support-finder,prefix,,,en,business_support,d269a7b3-93e7-4bb7-a4d7-49e5e88cf6a8
,/council-tax-reduction,/apply-council-tax-reduction,prefix,,,en,answer,6a8e75ca-b314-4593-ba39-7098963c0a00
,/court-of-protection,/courts-tribunals/court-of-protection,exact,,,,placeholder,607e34ef-6ed5-4379-b100-cc5d12a2d4d0
,/creative-industry-support-east-lancashire,/business-finance-support-finder,prefix,,,en,business_support,11ea5c88-bc72-4b68-8204-31739d1efd7b
,/crisis-loans,/budgeting-help-benefits,prefix,,,en,placeholder,4fadd22c-05e2-462f-b941-b6d1d16566b3
,/cyber-security-worcestershire,,prefix,410,,,placeholder,de2adf42-ad76-42ec-8272-1431db681662
,/cynghorydd-budd-daliadau,/benefits-calculators,exact,,,cy,transaction,ee9da799-1f51-4397-8470-20af9e87fc12
,/ddrs-course,/find-drink-drive-course,exact,,,en,transaction,5790ec9e-ff2e-4d7a-bd26-a8d620961708
,/defer-self-employed-national-insurance,/defer-national-insurance,exact,,,,placeholder,d33a1675-d2c4-4140-9ed5-4258ce469979
,/delivery-and-innovation-division,/business-finance-support-finder,prefix,,,en,business_support,13e34190-eff7-4b9f-8d51-97c247a85823
,/denatured-alcohol-production-distribution,/guidance/denatured-alcohol-producing-stocking-distributing-selling-and-using,exact,,,en,licence,854abbda-8e3b-4a30-aaae-1dc5db9c2b7d
,/department-enterprise-trade-investment-publications,/business-finance-support-finder,prefix,,,en,business_support,98822b4b-943b-40b0-84ca-fc3c4048fdaf
,/develop-a-business-omagh,/business-finance-support-finder,prefix,,,en,business_support,a0cf87b8-d4d5-4322-a0ea-d2974ae76ff5
,/devolution-uk,,,,404,en,answer,40cbe88f-509a-472d-b069-67b707e4b302
,/digital-marketplace-sellers,/tendering-for-public-sector-contracts,prefix,,,en,placeholder,47b4d1c5-4294-4585-a7cd-07ef59a54cce
,/digital-services-store,/digital-marketplace,exact,,,,placeholder,2f1d00d6-dd77-4113-be71-f22b672f0137
,/digital-tourism-business-digital-tourism-comm,,prefix,410,,en,business_support,956a99d3-ed45-4f19-9fc5-1cfac45a7178
,/digital-tourism-programme-innovative-pilots,,prefix,410,,en,business_support,3c51ef71-664e-46ca-87b7-e5b7d535b3f3
,/disability-confident,/government/collections/disability-confident-campaign,exact,,,en,campaign,115b7e43-2284-4f72-a7f9-c649da575cf0
,/disability-living-allowance-dla-rates,/dla-disability-living-allowance-benefit/what-youll-get,prefix,,,en,answer,96b2c446-129f-4cf0-baaa-59efe972d8a4
,/dismissing-staff,,,,404,en,guide,732d08d3-5f6b-4dcb-9492-377b8fffd0b2
,/distillers-licence-plant-approval,/guidance/spirits-duty,prefix,,,en,licence,f9db202f-424f-4a5b-ac1f-05a6f710f4cf
,/diversity-works-for-london,,prefix,410,,en,business_support,13259d43-824e-42b4-b482-54ae7dca62c7
,/dna-testing-parentage-disagreements,/get-dna-test,prefix,,,en,answer,72ba16ee-d6e4-44f1-9a0e-1aa81b320c64
,/done-apply-queens-award-enterprise,,prefix,410,,en,completed_transaction,c3cd8556-4a95-4c6d-ab2d-d1f6cd280d37
,/done/pay-register-birth-abroad,,prefix,410,,en,completed_transaction,828aa660-fb3a-43c3-a60c-3e3e4ba31435
,/done/pay-register-death-abroad,,prefix,410,,en,completed_transaction,842feeca-d970-4091-9ae2-4ad2817b1e0c
,/dotherightthing,/report-benefit-fraud,exact,,,en,campaign,950f73cd-bf4c-4cc5-b4c8-f0f3da03664f
,/driver-certificate-of-professional-competence-cpc,/become-lorry-bus-driver,exact,,,,placeholder,2a14c098-3f5a-4ccb-a730-f2e2f6879071
,/driver-cpc-starting-up-approved-training-centre,/guidance/set-up-a-driver-cpc-training-centre,prefix,,,en,placeholder,bcae6ec5-3653-47b8-aee5-2beae2103b59
,/driving-before-you-have-full-licence,/driving-lessons-learning-to-drive,exact,,,,placeholder,0b5164f0-b58d-460e-880f-c19277ac9842
,/driving-instructor-training,/find-driving-instructor-training,exact,,,en,transaction,f2ac8d97-6588-4c79-a97e-3197feb5cd2b
,/driving-lessons-who-can-teach-you,/driving-lessons-learning-to-drive,exact,,,,placeholder,30e4c850-da5b-469d-bc33-c85530f21144
,/driving-licences-private-hire-taxis,/taxi-driver-licence,prefix,,,en,placeholder,d6fcbdb2-446a-4ef2-9745-e0cf9d923052
,/driving-licences-private-hire-taxis-london,/taxi-driver-licence,prefix,,,en,placeholder,00a34dc2-2524-413e-8faa-05b331151fa9
,/driving-theory-test,/theory-test,prefix,,,en,placeholder,a5eba3ad-c379-41e7-95bc-c04eedb05c6b
,/driving-theory-test-centre,/find-theory-test-centre,prefix,,,en,placeholder,60bac97f-9f88-4223-bd08-6c083b45e068
,/driving-transaction-finished,/done/driving-transaction-finished,prefix,,,en,completed_transaction,3f2e2767-bbc2-4204-8da8-86eda45bb4a4
,/dsa-theory-test-booking-service-data-protection,,,,404,en,answer,36e12e71-6550-4608-8baf-c76e88395868
,/dvla-medical-enquiries,/contact-the-dvla,exact,,,en,placeholder,e6dc36a3-379e-4d94-a1b6-14f433cb92e4
,/dvsa-practical-test-booking-data-protection,/dvsa-driving-test-booking-service-data-protection,prefix,,,en,placeholder,f536acea-cd35-4137-835f-450bed52f940
,/dvsa-practical-test-business-service,/book-pupil-driving-test,exact,,,en,transaction,bd6efcbd-2d66-4b7a-a029-76ac54f2d0c3
,/dvsa-taxi-driving-test,/taxi-driver-licence,prefix,,,en,answer,6529ba5a-574a-4a7a-9c3e-37fc8afc569c
,/e-commerce-grant,,prefix,410,,en,business_support,0894a460-a9b8-466e-8fca-a574869ed795
,/employers-additional-paternity-pay-leave,/shared-parental-leave-and-pay-employer-guide,prefix,,,en,placeholder,787da856-06e5-41e7-a62f-c20af2e96782
,/employment-allowance,/claim-employment-allowance,exact,,,en,placeholder,390dce45-ebc1-41d3-9a7d-44fb08de30d8
,/employment-tribunals-enquiries,/courts-tribunals/employment-tribunal,prefix,,,en,placeholder,1ceac08a-46f8-49e7-b89f-85c8492221bd
,/empty-shop-refit-scheme-middlesbrough,/business-finance-support-finder,prefix,,,en,business_support,9682ee55-70b8-44f8-a8ee-9653a252fe3c
,/energy-environment-fund,,prefix,410,,en,business_support,9e79da98-fafa-4347-9318-c202c17d89ea
,/enhanced-capital-allowances-energy-water,/capital-allowances/first-year-allowances,exact,,,,placeholder,3b7fcc72-e22a-4e23-a7d6-0c4e8e6551d9
,/enterprise-as-a-life,/business-finance-support-finder,prefix,,,en,business_support,c960f194-0fe9-44e9-b12d-f072762b04a2
,/enterprise-europe-network-yorkshire,/business-finance-support-finder/search,prefix,,,en,business_support,84c3a960-813b-43c4-acbd-346a4906fb4e
,/enterprise-northern-ireland-craigavon,/business-finance-support-finder,prefix,,,en,business_support,3e681df1-b04f-4c0e-bad3-6773ba3b9767
,/enterprise-northern-ireland-moyle,/business-finance-support-finder,prefix,,,en,business_support,438cd3a4-2e35-4f79-8909-8fdab69e80f5
,/enterprising-worcestershire,/business-finance-support-finder/search,prefix,,,en,business_support,a918ce3c-6c0a-446c-8344-dd0e0573d41e
,/entertainer-visitor-visa,/standard-visitor-visa,exact,,,,placeholder,2da3c2f5-962a-47a3-8388-e53d1ddacea4
,/environmental-permit-check-if-you-need-one,/guidance/check-if-you-need-an-environmental-permit,prefix,,,en,placeholder,95fe8dea-61d8-42c5-9e98-ef0211b89aa2
,/environmental-permit-how-to-apply,/topic/environmental-management/environmental-permits,prefix,,,en,placeholder,883cc806-a725-4a37-986c-a9e1c0cecfc4
,/erdf-business-grant-programme,,prefix,410,,en,business_support,ff460f8c-1a8f-47dc-8cca-99db248db9d1
,/eureka-moment,,prefix,410,,,placeholder,3e1343d4-ac2c-41cf-a1e6-2d6b6c945e45
,/european-fisheries-fund-wales,,prefix,410,,en,business_support,b6233470-c02a-4da4-b17d-26e5a4423a6f
,/events-finder,,exact,410,,en,placeholder,dfa6ae57-a204-4782-ab95-99572358fc07
,/exchange-tax-disc,/change-vehicle-tax-class,prefix,,,en,placeholder,48832968-2926-464b-927a-bd44f52ee30c
,/excise-movement-and-control-system,/guidance/excise-movement-and-control-system-how-to-register-and-use,exact,,,en,transaction,ec20bf7c-c20a-4f2d-98f9-5875440abb19
,/existing-business-support-southwark,/business-finance-support-finder/search,prefix,,,,placeholder,74804f71-f67e-4905-94ae-50e66a65e8f8
,/export-agents,,prefix,410,,en,answer,7662e1d1-08e0-48ec-a4ea-4feb9b748d48
,/export-licence-for-cultural-goods,/guidance/export-art-antiques-and-cultural-goods-special-rules,prefix,,,en,licence,4e630dc2-a654-4e23-9f63-c6e0c094c87c
,/family-separation-support,/family-separation-support,exact,,,en,campaign,9eb13db9-2bb3-4a4b-b544-b98adaf7ebcb
,/faststream,/government/organisations/civil-service-fast-stream,exact,,,,placeholder,e96d2497-4a3f-4d48-9f32-336c8899d6c7
,/female-genital-mutilation,/female-genital-mutilation-help-advice,prefix,,,en,placeholder,b32d80d2-463e-4cba-b3eb-91a047d34e55
,/file-your-self-assessment-tax-return,/log-in-file-self-assessment-tax-return,exact,,,,placeholder,bba4b79d-e970-4d6f-b495-eb79c3ecabef
,/finance-voucher,,prefix,410,,en,business_support,9f0d1264-20b6-4a1c-a0bd-70039b7c4a73
,/find-course-sponsor,,exact,410,,,placeholder,f970e42d-0df5-45ea-8f1c-09694ae828ee
,/find-lgv-training-centre,/government/publications/large-goods-vehicle-lgv-instructor-training-centres,exact,,,en,transaction,901864c7-1e11-46f6-91f1-7921b1835d6f
,/find-lost-pension,/find-pension-contact-details,exact,,,en,placeholder,161edb1f-10b1-47e1-abdd-7124c3be443c
,/find-lost-theory-test-pass-certificate-number,/find-theory-test-pass-number,exact,,,en,placeholder,97c2cfcb-d5e8-49ed-9a31-b9fe7ab780fa
,/find-out-if-i-can-buy-or-carry-a-knife,/buying-carrying-knives,exact,,,,placeholder,4acea62a-49b9-4a03-a2e7-f494f6156d0d
,/find-persons-will,/wills-probate-inheritance/searching-for-probate-records,prefix,,,en,answer,2d00f7e5-4423-476d-bc80-410d26111625
,/find-registered-waste-carrier,/guidance/access-the-public-register-for-environmental-information,prefix,,,en,placeholder,e4540617-8d35-4bf6-a548-d6c8d87f55bf
,/find-your-local-council,/find-local-council,exact,,,en,transaction,7b4ff8c9-8c9f-4b90-ac25-0eaeab449d41
,/finding-commodity-codes,/trade-tariff,prefix,,,en,answer,f8c955c8-ae52-43ed-a752-bce1dfe4bf52
,/first-aid-on-the-road,/guidance/the-highway-code/annex-7-first-aid-on-the-road,prefix,,,,placeholder,51969f1c-a23d-4dd2-b9b6-569abb430728
,/fit-note-statement-fitness-to-work,,,,404,en,answer,14879477-3696-4195-9b04-3aae006382a3
,/fitforfashion,/government/organisations/department-for-international-trade,exact,,,en,campaign,97183d60-0fa5-4bd0-b946-36971507c10f
,/flat-rate-scheme-small-businesses,/vat-flat-rate-scheme,exact,,,en,business_support,bbd95162-3989-4476-8030-6aa01a336b19
,/flood-defence-consent-england-wales,/permission-work-on-river-flood-sea-defence,prefix,,,en,placeholder,6e4cc8f6-b4fd-4db5-8846-9ad484ee6252
,/forecast-business-finances,/write-business-plan,prefix,,,en,video,945c43a0-e2f5-4e63-8fbf-5bc7f2a336f0
,/fraud-and-international-trade,,prefix,410,,en,answer,4931fdfe-a4f9-4de9-b8c1-96f9a5301973
,/free-early-education,/help-with-childcare-costs/free-childcare-and-education-for-2-to-4-year-olds,exact,,,,placeholder,a18dd541-571e-42c3-af25-edf515debdd3
,/fresh-start-grant-knowsley,,prefix,410,,,placeholder,fe17914a-5f1e-4253-aff7-df14116d8e4b
,/fuel-cell-electric-vehicle-fleet-support-scheme,/business-finance-support-finder,prefix,,,en,business_support,5db59666-4c93-458a-acac-34def8df2a84
,/funding-4-innovation,/business-finance-support-finder,prefix,,,,placeholder,c2f19fa0-a08b-4cc9-8f62-920067532084
,/further-reading-conversions,/guidance/the-highway-code/other-information,prefix,,,,placeholder,cbe44feb-e6ed-4130-bfbd-c8125e19d218
,/gateways-to-growth,/business-finance-support-finder,prefix,,,en,business_support,73ec431a-75c8-427c-9e5e-02bfe719b4e4
,/general-rules-all-drivers-riders-103-to-158,/guidance/the-highway-code/general-rules-techniques-and-advice-for-all-drivers-and-riders-103-to-158,prefix,,,en,placeholder,b0ed2c17-3160-4e6d-b44e-947e263230bd
,/general-visit-visa,/standard-visitor-visa,exact,,,,placeholder,10fcbcb3-fde0-4f20-a4e1-7134c88c845b
,/get-paye-forms,/get-paye-forms-p45-p60,exact,,,,placeholder,4ee3dfa9-540e-4042-83ec-65a0526be079
,/get-permission-supply-large-goods-trailer-on-road,,,,404,en,guide,7a2a5fe5-fc27-4eb0-ac37-f6d5f631c68c
,/glastir-woodland-creation-grant,/business-finance-support-finder,prefix,,,en,business_support,7a7d69fa-3cb7-40d3-8f4e-5a5786a8f2cd
,/gle-onelondon,/start-up-loans,prefix,,,en,business_support,4646c861-18e1-4c5d-b319-b3f8a7b20044
,/government-help-for-exporters,/browse/business/exports,prefix,,,en,guide,6aa6e9e1-9dcf-40b8-b0d5-140cf6077063
,/graduate-business-worcestershire,,prefix,410,,en,business_support,a3661854-1ec2-484d-b768-eac6a89f1c09
,/graduate-training-development,/business-finance-support-finder,prefix,,,en,business_support,26552ee4-b27f-4dc8-adbd-8609d61e59e9
,/grand-mal-fits-and-driving,/epilepsy-and-driving,prefix,,,en,placeholder,062dc0ac-d30e-4e61-befc-64ba4874ca92
,/grant-for-business-investment-gbi,/business-finance-support-finder,prefix,,,en,placeholder,eae8a331-3fc0-4bf9-9955-0d471a4c71ce
,/grants-for-eco-innovation,/business-finance-support-finder,prefix,,,en,business_support,59a5a963-264d-4310-a848-09f6e6106ad8
,/green-bridge-supply-chain-programme,,prefix,410,,,placeholder,d8e567b5-88c6-4d46-8263-220fe450a00b
,/grow-your-business,/business-finance-support-finder,prefix,,,en,placeholder,0e33320d-d098-483d-8efb-99f6988c6792
,/growing-real-opportunities-women-ni,/business-finance-support-finder,prefix,,,en,business_support,2ef0ca8b-8524-4883-95b4-074ce001c879
,/hand-luggage-restrictions-at-uk-airports,,,,404,en,answer,65f32f3f-5119-4367-9a85-8a275bea1243
,/handing-in-your-notice-resigning-leaving-job,/handing-in-your-notice,prefix,,,en,placeholder,9d27faca-3d3c-40f1-a63b-9184380b413d
,/handling-someones-tax-on-their-behalf,/help-friends-family-tax,exact,,,,placeholder,ba67f1cb-cabd-424e-bfee-90f00049fd74
,/hazardous-waste-producer-registration,/dispose-hazardous-waste,prefix,,,en,placeholder,44da8153-f3e9-4155-8502-c84b545b8e96
,/health-safety-at-work,,,,404,en,guide,60b0b55f-c8c9-464b-bcf0-137ca0c16a56
,/heart-south-west-business-support,/business-finance-support-finder/search,prefix,,,en,business_support,e4914899-d5ef-4589-8009-b6c7fb0ec5e6
,/help-leaving-benefits-starting-work,,,,404,en,answer,a1ee5659-bd0d-45e2-a686-acf061022156
,/helpsyrianrefugees,/helprefugees,exact,,,en,campaign,d8761e45-469c-4aaf-b863-fab7d9be499e
,/heritage-museum-services-derry,/business-finance-support-finder,prefix,,,en,business_support,cd0f8d28-0a97-417b-975e-03118aec4ff4
,/high-growth-investment-programme,,prefix,410,,,placeholder,7de50ef3-e1b2-4097-bd77-667236576ef9
,/highway-code,/guidance/the-highway-code,prefix,,,,placeholder,b087ff76-ed64-406f-9e39-598b8922179a
,/highway-code-penalties,/guidance/the-highway-code/annex-5-penalties,prefix,,,,placeholder,e6a9e313-3cc3-4b4b-871e-03e5d072dffd
,/register-as-early-years-childminder-children-under-5-england,/register-childminder-childcare-provider,exact,,,en,licence,1c1777ec-3ff9-4b4d-9ab9-b45c3e5cb5fe
,/hmrc-online-services-helpdesk,/government/organisations/hm-revenue-customs/contact/online-services-helpdesk,exact,,,,placeholder,ed091881-4d6c-4f1f-9aa0-3c8efce47003
,/honours-system,,,,404,en,guide,5c6de19e-032d-46f3-90ef-074285688d93
,/hosepipe-bans,,,,404,en,answer,b9d5e0db-057e-416c-85ab-d962fdac350f
,/how-to-dispose-of-nonhazardous-waste,/managing-your-waste-an-overview,prefix,,,en,placeholder,6da563f0-3d09-4bdd-becd-3bd99f65471b
,/how-to-send-self-assessment-online,/self-assessment-tax-returns,exact,,,,placeholder,fa902e07-e9db-42f1-b90f-2ec699b3761c
,/hypertension-and-driving,/high-blood-pressure-and-driving,prefix,,,en,placeholder,1317474d-8fec-463c-8480-69a3d7aa5ce7
,/hysterectomy-and-driving,/surgery-and-driving,prefix,,,en,placeholder,7c791782-6349-4ced-8121-3473c79ec48a
,/iconnect,/business-finance-support-finder,prefix,,,en,business_support,c5883157-c000-4ace-856a-18ef3000140e
,/ict-grant-newport,,prefix,410,,en,business_support,ef0bbf34-5b0e-41c3-9ede-ad4426bc533a
,/importing-and-exporting-by-post,/goods-sent-from-abroad,exact,,,,placeholder,aeca73c7-bfb8-49d2-96a5-8c9d340e760e
,/incoterms-international-commercial-terms,,prefix,410,,en,guide,b81ca9fd-4bbd-4d17-b22e-9affd91aa149
,/innovateuk,/government/organisations/innovate-uk,exact,,,en,business_support,a7cd0f64-e17b-4fae-988f-54e29a684a33
,/innovation-networks,,prefix,410,,,placeholder,06105e0a-b7db-482f-9e6f-e44b8fbfad56
,/innovation-support-southwark,/business-finance-support-finder/search,prefix,,,,placeholder,1d5c03fb-7789-4a36-80c3-cc3aa1f8e87d
,/innovation-university-enterprise-network,/business-finance-support-finder/search,prefix,,,en,business_support,debb1b3e-0553-4331-a856-6cb6278cd6b1
,/innovative-growth-stoke-on-trent-staffordshire,,prefix,410,,,placeholder,7bea4202-efb5-40cf-b55a-85f936009832
,/innovative-product-support-services,/business-finance-support-finder,prefix,,,en,business_support,246842ce-a473-4ea4-a1cc-ab76940f0db5
,/inorthumberland-business-support,/business-finance-support-finder/search,prefix,,,en,placeholder,104b9ba8-132c-402b-8a0a-e92b56cf2bd9
,/instant-business-advice-bassetlaw-district,/business-finance-support-finder,prefix,,,en,business_support,fc9291bf-2fc1-4f7d-8bf0-d219703e5462
,/intensive-support-programme,,prefix,410,,en,business_support,277c1e99-9f10-4f97-ae2e-dba7cc828360
,/interim-manager-programme,/business-finance-support-finder,prefix,,,en,business_support,4bd491e3-44a4-4f64-b57f-f1b9b3bc567e
,/international-child-abduction,/return-or-contact-abducted-child,exact,,,en,answer,cb036bc3-afbe-4e72-a50b-7361381ead5a
,/invent-digital,,prefix,410,,,placeholder,666f5884-b663-4768-a0c5-743c5d7c9ae8
,/investment-escalator,,prefix,410,,,placeholder,4694d831-4544-49f5-89df-f02396da069c
,/investment-for-growth-north-east,,prefix,410,,en,placeholder,c8d9daa3-6e3a-4422-bde4-b85b7a54c526
,/it-support-banbridge,/business-finance-support-finder,prefix,,,en,business_support,a7460c19-cefa-45bd-92e1-e2f2668039dc
,/jobs-growth-wales-young-entrepreneurs-bursary,/business-finance-support-finder,prefix,,,en,placeholder,bdb05c54-a4b3-4b78-a0c5-f4626539a4b4
,/join-police,,,,404,en,transaction,8d71352f-2fcd-4c7f-83f0-fb74697ac68d
,/keep-or-release-non-native-fish-england-and-wales,/guidance/introduce-or-keep-non-native-fish-and-shellfish,exact,,,en,licence,35d8dbb5-ad3d-419f-ab4b-9fd5a23ce947
,/knowbeforeyougo,/travelaware,exact,,,en,campaign,a3936815-bd8f-48ea-b2c1-7cdf31e64061
,/lancashire-innovation-network,,prefix,410,,en,business_support,cdf9ee91-0029-4291-a7bb-3b793b263ce6
,/landlords-energy-saving-allowance,/renting-out-a-property,prefix,,,en,answer,758cb1b8-b4d4-46fb-9191-9de03a22b374
,/law-on-sunday-work,,,,404,en,answer,4b133b12-e09c-4c2c-8602-aef9ed25e44b
,/legal-structures-new-business,,,,404,en,answer,fab2d79c-e248-40ca-b72d-e910444092b1
,/legalisation-premium-service,/get-document-legalised,prefix,,,en,answer,98b387f2-bd59-4f97-afe8-92e35cea2ad6
,/leicester-business-women,,prefix,410,,,placeholder,9c27f325-3007-4d06-a037-9d7fea0565b5
,/leicester-regional-growth-fund,,prefix,410,,,placeholder,bcefede0-8f2c-40b8-a1b1-6e90d72fc975
,/lets-grow,/business-finance-support-finder,prefix,,,en,business_support,304785a9-4035-49b2-b6c9-5d29972afc51
,/libraries-northern-ireland-business-services,/business-finance-support-finder,prefix,,,en,business_support,a2de79d0-8533-498e-a3bd-d36d5ff07c04
,/licence-release-nonnative-animals-e-s-w,/nonnative-wildlife,exact,,,,placeholder,b90252ed-2897-4a80-b7d3-237674b8e0a2
,/licence-to-keep-non-native-crayfish-england-wales,/guidance/introduce-or-keep-non-native-fish-and-shellfish,prefix,,,en,placeholder,7f688058-565b-4094-b8dd-70aabda86267
,/licence-to-rectify-or-compound-spirits,/guidance/spirits-duty,prefix,,,en,licence,373ec386-5af0-4885-a673-124752bfa670
,/lifeboat-servicing-testing-approval,/government/publications/approved-service-stations-for-liferafts-boats-and-life-jackets,prefix,,,en,placeholder,69653971-ccf2-4b35-82aa-16d085d24a2f
,/lincoln-growth-fund,,prefix,410,,,placeholder,df251581-293e-4502-86d2-69f72d508394
,/linkstart-xtra,/business-finance-support-finder,prefix,,,en,business_support,d14e1cfe-2151-4030-895d-ad13fe1fecf9
,/live-fish-shellfish-importer-authorisation,/guidance/fish-shellfish-or-crustacean-farm-authorisation,exact,,,en,licence,0a20a713-4652-43e4-a0ec-e18ea01ad446
,/livestock-transport-authorisation-scotland,/guidance/animal-welfare,prefix,,,en,licence,58e5bf31-d080-43c4-b4e1-cb9a61299d58
,/loans-for-eu-students,,,,404,en,programme,bb585d82-bdbe-4250-a53c-28cc15803788
,/local-bus-service-registration-scotland,,,,404,en,licence,2516bf26-fa09-40f9-862c-9b27619f0a87
,/log-on-ni,/business-finance-support-finder,prefix,,,en,business_support,92e6b1ef-5d82-45ef-b147-b02de64424fc
,/lorry-bus-operator-search,/find-vehicle-operators,exact,,,en,transaction,194ffbeb-23bf-45ac-856e-d01c352b8082
,/low-carbon-workspaces,,prefix,410,,,placeholder,5b099129-837d-4db4-ad4e-e9abadbc140e
,/making-exports-happen,/government/organisations/uk-export-finance,exact,,,en,campaign,28dcae21-b958-40b9-93b8-e8a67128b9cd
,/making-staff-redundant,,,,404,en,guide,c13e3dd0-c3e8-4525-91c6-2bebbfb39218
,/manage-child-benefit-payments,,,,404,en,transaction,3b27cd62-e718-45ee-b537-9a4397d0436e
,/manage-commercial-vehicle-operator-licence-online,/manage-vehicle-operator-licence,exact,,,en,transaction,8fabe988-7b64-4641-8e8d-53fd0dee8e4c
,/management-leadership-development-programme-ni,/business-finance-support-finder,prefix,,,en,business_support,659bb31a-fa29-492b-906c-bc3fec782ad7
,/manufacture-authorisation-veterinary-medicines,/guidance/manufacturing-authorisations-for-animal-medicines,exact,,,en,licence,67f06eb5-fcde-4c8d-a18d-2562d5cbe2fc
,/market-research-business,/business-support-helpline,prefix,,,en,video,a25eab49-e637-46a4-8d78-227504fb9438
,/marketing-authorisation-of-veterinary-medicines,/guidance/apply-for-a-licence-to-market-an-animal-medicine,exact,,,en,licence,6a78aeb2-47d8-4fe8-8f33-7a3ee5ab6d99
,/marriage-allowance-guide,/marriage-allowance,prefix,,,en,placeholder,c621dff4-e00c-4ab2-98ba-4da989381ff9
,/metnet,,prefix,410,,en,business_support,532b1f4b-3a25-430d-8b4a-520ba419f35c
,/microgeneration-certification-scheme-mcs-loan,/business-finance-support-finder,prefix,,,en,business_support,72a6b961-fe02-42d9-80b2-685f29738c10
,/millennium-awards,/business-finance-support-finder,prefix,,,en,business_support,121419e6-e93f-48eb-a089-f37cd45a5ef1
,/miscellaneous-fund,/business-finance-support-finder,prefix,,,en,business_support,967cb2db-a5be-4c11-a5b3-2bcfb5e5bfd6
,/motor-traders-sale-vehicle,/sold-bought-vehicle,exact,,,,placeholder,6f32b19f-594d-4e86-8b8d-76706bc19446
,/motorcycle-practical-test,/motorcycle-test,exact,,,en,placeholder,f46b94b4-a42e-4fe3-85c2-c7d9a3e83d90
,/motorways-253-to-273,/guidance/the-highway-code/motorways-253-to-273,prefix,,,,placeholder,1d2b7db2-cac0-449e-88fd-300996b9824e
,/mystatepension,/yourstatepension,exact,,,en,campaign,13503d80-b833-4240-98d2-c4c5be1ac9e0
,/national-export-system,/guidance/export-declarations-and-the-national-export-system-export-procedures,exact,,,en,transaction,c2dc171b-bb23-4e8b-9057-81bd7d349196
,/nbv-business-start-up-support,/business-finance-support-finder,prefix,,,en,placeholder,aaf5b70f-dc48-4747-9bc0-44cd073bb318
,/new-anglia-growing-business-fund,,prefix,410,,en,business_support,f535ae5d-e226-4ea7-abd4-c8ec4ce1ec20
,/new-enterprise-start-up-fund,,prefix,410,,en,business_support,d18b2c2f-dfb6-49b2-9b73-a784014cc335
,/new-technology-training-scheme-grant-newport,,prefix,410,,en,business_support,49f2a5b1-c529-4a74-8499-3acdf522e336
,/newspaper-companies-registration-and-reporting,/government/news/repeal-of-the-newspaper-libel-and-registration-act-1881,prefix,,,en,placeholder,1c3716f1-7c9b-49ea-9d18-395242bb30f2
,/nispo-funds,/business-finance-support-finder,prefix,,,en,business_support,f3085e5e-346b-439c-9288-022d4ae75ab2
,/nmwcampaign,/national-minimum-wage/what-is-the-minimum-wage,exact,,,en,placeholder,2c67b061-af9f-4cb3-bbca-37ba185a70c6
,/non-executive-director-programme-nedp,/business-finance-support-finder,prefix,,,en,business_support,bfebc18e-5a27-41ae-b640-92470ef1fa65
,/north-west-fund,/business-finance-support-finder,prefix,,,en,business_support,368710a5-c12b-42e8-80c8-3a3681e9baaf
,/notifying-dvla-if-you-sell-your-vehicle,/sold-bought-vehicle,prefix,,,,placeholder,70edb2f5-5ab1-4069-beac-a162ec150f4b
,/notjustforboys,/browse/employing-people/recruiting-hiring,exact,,,en,campaign,5df3a6fa-43b0-4b1c-99e2-00d53f446015
,/nvz-derogation-application,/guidance/grassland-derogations-for-livestock-manure-in-nitrate-vulnerable-zones,exact,,,en,transaction,eec262f9-b771-466f-8d41-85699d0e2f96
,/nwes-advance-loan-fund-east-of-england,/start-up-loans,prefix,,,en,business_support,a0d0dfa7-7ca5-4b28-a2b6-f4586da94b7a
,/operating-landfill-site,/guidance/waste-environmental-permits,prefix,,,en,placeholder,434d7821-f763-44ba-93df-37f7bcca7c45
,/optimising-business-broadband,,prefix,410,,,placeholder,adf8d538-56c8-4ad6-befc-8e0ae847eb5e
,/outset-bournemouth,/business-finance-support-finder,prefix,,,en,business_support,ac70b111-119e-443f-8062-ba6d3bc8410f
,/outset-finance,/start-up-loans,prefix,,,en,business_support,5b06c74f-0920-47ee-bfbc-346c5631b494
,/outset-huntingdonshire,/business-finance-support-finder,prefix,,,en,business_support,b92cc4cc-4350-4499-b96f-3c63b9b04541
,/packaging-waste-producer-supplier-responsibilities,/guidance/packaging-producer-responsibilities,exact,,,en,guide,07fc29a6-7eba-4650-aead-4541edbb6ad6
,/parliament-mps,,,,404,en,guide,754559c3-e484-433b-9051-69d52f6fc507
,/participation-discretionary-fund,/business-finance-support-finder,prefix,,,en,business_support,8330660b-af57-40aa-89c7-a692798c8d0d
,/pay-foreign-marriage-certificates,/marriage-abroad,prefix,,,en,placeholder,864c7c19-3524-4404-87b9-4dd92800bc29
,/pay-legalisation-drop-off,/get-document-legalised,exact,,,en,transaction,6aede66e-4074-4e3a-9322-09379ea83dae
,/pay-legalisation-post,/get-document-legalised,exact,,,en,transaction,1616f545-95c3-48e3-87de-464c82124f5e
,/paye-online-log-in,/paye-online,exact,,,en,transaction,fd170e85-5a37-41e1-8120-3b6ac4a90d1d
,/paying-back-student-loan,,,,404,en,answer,a221a429-080b-445a-bbc9-b933cac90a3e
,/peace-iii-programme-2007-2013,/business-finance-support-finder,prefix,,,en,business_support,0a8cdf9d-a013-4a41-b56b-074976308340
,/permit-discharges-surface-groundwater,/guidance/discharges-to-surface-water-and-groundwater-environmental-permits,prefix,,,en,placeholder,34e6a408-ce1d-4164-a385-3e8606dedd65
,/permit-operate-part-a1-regulated-facility-england-wales,/guidance/a1-installations-environmental-permits,prefix,,,en,placeholder,47fa513a-7837-4d95-917e-2e3a7e3bb654
,/pesticide-approvals-northern-ireland,,prefix,410,,en,licence,e68ae389-c5ad-4915-ad83-1c0a018397a5
,/petit-mal-and-driving,/epilepsy-and-driving,prefix,,,en,placeholder,30003058-9da5-486e-8191-1b3ca545a458
,/plan-your-journey,/government/news/transport-direct-website-closes-on-30-september-2014,exact,,,en,transaction,348364e9-1eba-4c2e-a462-7058ca9095ae
,/planning-permission,,,,404,en,guide,c547dabc-f053-4f38-b6bf-5e2bf00ba28a
,/planning-permission-scotland,/planning-permission-england-wales,prefix,,,en,guide,7006b179-2567-4fb7-8677-4beaacc895fc
,/pollution-inventory-reporting-england-and-wales,/government/collections/pollution-inventory-reporting,exact,,,en,licence,ede5df36-2dc6-42de-a728-d56a94b48647
,/powys-historic-building-grant,,prefix,410,,en,business_support,ac22a453-1250-4ac9-8188-b63297b4ade9
,/practical-driving-test-centres,/find-driving-test-centre,exact,,,en,placeholder,0c79afa5-2b34-4c74-8741-a4384843940a
,/practical-driving-test-for-cars,/driving-test,exact,,,en,placeholder,fcadd7b0-7aa1-4e6b-8bcf-c9700151df4f
,/practise-your-driving-theory-test,/take-practice-theory-test,exact,,,en,placeholder,ddae22cf-2b85-4847-bb6a-968180f8e83c
,/prepare-for-a-flood,/check-flood-risk,exact,,,en,guide,b3d0a14e-7671-4ed4-b2e8-e7fca745f185
,/prevent-health-problems-accidents-among-employees,,,,404,en,guide,310d8ff7-e725-41e1-ae90-71f75a19fc2f
,/prince-of-wales-innovation-scholarships-programme,,prefix,410,,en,business_support,e2d76070-6089-4896-9345-fa9844bedcba
,/private-medical-treatment-visa,/standard-visitor-visa,exact,,,,placeholder,dadf411c-6d4b-4fb7-86ce-e1a43c4acc8b
,/proact-skills-growth-wales,,prefix,410,,en,business_support,5a324fd2-158a-4816-83ef-185288cb616e
,/productivity-improvement,/business-finance-support-finder,prefix,,,en,business_support,dd0597bd-86e5-4c36-a3b0-3e152adf8e4d
,/proof-of-concept-programme-scotland,/business-finance-support-finder,prefix,,,en,business_support,491ade84-37b3-4a90-bd9d-ca8b47453776
,/property-marketing,/business-finance-support-finder,prefix,,,en,business_support,904024e4-bfd2-4921-b83e-9f29bbc39bc5
,/property-solutions-northern-ireland,/business-finance-support-finder,prefix,,,en,business_support,43daa5ed-7655-400b-b7d5-69e1bdc8369d
,/prospective-entrepreneur,/standard-visitor-visa,exact,,,,placeholder,20627586-527b-4a9f-8c5c-ab08b2ecb7c4
,/qualify-tax-credits-quick-questionnaire,/qualify-tax-credits,exact,,,,placeholder,81f03ea4-ac9d-4884-8313-7bcfe9807486
,/queensaward,/queens-awards-for-enterprise,exact,,,en,campaign,c8b2a9ad-954d-4005-ac1b-e05e55406843
,/ready-set-go-innovation-grants,,prefix,410,,,placeholder,617a9555-ba47-42b5-80d5-193894e2aa94
,/redundant-buildings-grant,/business-finance-support-finder,prefix,,,,placeholder,70d79ab1-e56e-4e56-922f-254a0881b893
,/regional-centre-service,,prefix,410,,en,business_support,ab9e9e49-5364-4cfc-b405-7d7e02973086
,/register-a-trademark,/how-to-register-a-trade-mark/apply,exact,,,en,transaction,ea9d7352-0bd4-40e3-8ce4-2b5544d622b1
,/register-as-childminder-england,/register-childminder-childcare-provider,exact,,,en,licence,3c882c0c-452f-4459-aa40-238a660a66f4
,/register-book-driving-tests-trainer-or-business,/register-book-driving-tests-for-pupils,exact,,,en,placeholder,ddbe7c68-ab5e-40a8-a77c-e5d4471705b8
,/register-food-safety-retailer-caterer,,,,404,en,transaction,22d17b7f-58d1-42b1-b73d-44933b9ff1fe
,/register-for-self-assessment,/log-in-file-self-assessment-tax-return,exact,,,en,guide,ceb15d46-4c6a-4ef0-b510-39dc449f3a35
,/register-jobs-international-organistions,/register-jobs-international-organisations,exact,,,en,placeholder,69a01499-a6cc-4143-9302-b97533752096
,/register-or-renew-as-lgv-driving-instructor,/become-an-lgv-driving-instructor,exact,,,en,transaction,d2288788-0833-4556-85cc-33d39cbb22eb
,/register-waste-carrier,/waste-carrier-or-broker-registration,prefix,,,en,placeholder,3b2444da-5cb5-4672-b18e-c3d573a726ea
,/register-your-waste-exemption-online,/guidance/register-your-waste-exemptions-environmental-permits,exact,,,en,placeholder,c10cf45d-e309-49f7-a134-78369b7de25a
,/renewable-heat-premium-payment,/browse/housing-local-services/household-energy,prefix,,,en,placeholder,110d931c-96f4-4a33-8732-5ed90076ca5d
,/renewtaxcredits,/manage-your-tax-credits,prefix,,,en,placeholder,9172131a-7d1a-48d4-966c-d7309dc83a1b
,/rent-government-workspace,/find-government-property,exact,,,en,placeholder,ac8b8a23-531a-461f-92d2-9038bf7ab75d
,/renting-buying-business-premises,/set-up-business,prefix,,,en,video,81a3b4ce-b031-46ee-83f4-9b317cf6edd3
,/report-a-company-car,/tell-hmrc-company-car,exact,,,,placeholder,6bbbfbd8-e927-4e79-8254-c9356812686d
,/report-an-accident-or-health-and-safety-incident,,,,404,en,transaction,81395fc6-a4f0-47cb-b844-1ac36f59ef80
,/report-debris-motorways-main-roads,/report-obstruction-road,exact,,,en,answer,8c494a3e-2603-47d1-8aa9-35a2d499ccd9
,/report-flooding-burst-water-mains,/report-flood-cause,prefix,,,en,answer,605c32a8-cfa3-4916-b994-41cf4cc0b559
,/report-pet-medicine-problem,/report-veterinary-medicine-problem,exact,,,,placeholder,f86dfed9-ff53-47da-8b05-3a04e2a76dee
,/report-waste-crime,/report-flytipping,prefix,,,,placeholder,35024bde-366e-483c-a724-aaf9bd504eba
,/reportbenefitschangecircumstances,,exact,410,,en,campaign,541e26d5-d99a-4d8a-9ade-454f0a1a6d1d
,/reporting-road-obstruction,/report-obstruction-road,exact,,,en,answer,8286308b-fe06-4e5a-807b-664da625b432
,/reporting-your-tax-code-as-wrong,/tax-codes/if-you-think-youve-paid-too-much-tax,exact,,,,placeholder,30814919-5e4f-4b17-a963-85ebd089d063
,/reshore-uk,/business-finance-support-finder/search,prefix,,,en,business_support,fceb3f48-96ec-40f8-9ee2-4e061cd666bf
,/resource-efficient-worcestershire,,prefix,410,,,placeholder,093108ce-a3cf-4e80-ad68-e758b204c56e
,/retirement-age,/working-retirement-pension-age,prefix,,,en,placeholder,a398daf5-4b85-4ede-94f6-a592d8aa2c87
,/revenue-trader-registration,/guidance/receiving-storing-and-moving-excise-goods,prefix,,,en,licence,8eab8492-f76c-4a1f-b217-5c9458f0222d
,/road-users-requiring-extra-care-204-to-225,/guidance/the-highway-code/road-users-requiring-extra-care-204-to-225,prefix,,,,placeholder,d532cd88-4c1e-4185-bb2e-6e60ea31136d
,/rolling-programme-belfast,/business-finance-support-finder,prefix,,,en,business_support,2bbdbeda-062c-407a-9b38-d6fea4b31f14
,/rules-about-animals-47-to-58,/guidance/the-highway-code/rules-about-animals-47-to-58,prefix,,,en,guide,d2a8139f-38a3-4539-973a-6e4de7d6f0f7
,/rules-drivers-motorcyclists-89-to-102,/guidance/the-highway-code/rules-for-drivers-and-motorcyclists-89-to-102,prefix,,,,placeholder,ff2b0dcd-4759-4b5c-a414-17bf4ea65fec
,/rules-motorcyclists-83-to-88,/guidance/the-highway-code/rules-for-motorcyclists-83-to-88,prefix,,,en,guide,8bc35a3c-d861-4b7d-8e81-31126d952a8d
,/rules-pedestrians-1-to-35,/guidance/the-highway-code/rules-for-pedestrians-1-to-35,prefix,,,en,guide,f6e6adbc-c3f8-4a36-96cc-b18dd4cfc1ac
,/rules-powered-wheelchairs-mobility-scooters-36-46,/guidance/the-highway-code/rules-for-users-of-powered-wheelchairs-and-mobility-scooters-36-to-46,prefix,,,en,guide,8ba3b92d-a319-4551-b2b6-1b91d494f47a
,/rural-conversion-grant-programme,,prefix,410,,en,business_support,82d4bbd0-abec-4285-8978-0fe84d95674f
,/rural-payments,/claim-rural-payments,exact,,,en,placeholder,82cb2e94-769f-4545-96f8-84c8010c7e04
,/see-potential,https://seepotential.campaign.gov.uk/,exact,,,en,placeholder,26d663fb-049e-4562-a732-61cbc49cea11
,/seizures-and-driving,/convulsions-and-driving,prefix,,,en,placeholder,d8e7dd0c-00d4-458a-9337-41a2df478c5e
,/self-assessment-tax-return-checks,/tax-compliance-checks,exact,,,,placeholder,0c6aa540-162f-4db4-a23d-bd9e5b7f3ce5
,/self-assessment-tax-return-deadlines,/self-assessment-tax-returns/deadlines,exact,,,,placeholder,c276190c-9848-4da9-a62c-aa1e42d22081
,/self-certify-building-work-registration,/building-regulations-competent-person-schemes,prefix,,,en,licence,dd6ea4a7-c7a8-4a85-b3bd-4df8b863f506
,/self-employment-test-trading,/business-finance-support-finder,prefix,,,en,business_support,8c21cda0-7220-4f98-b959-b0c5a783dc34
,/selfassessment,/topic/personal-tax/self-assessment,exact,,,,placeholder,c3242a7a-e346-4133-bb90-b129ff1d9bcc
,/send-goods-abroad,/starting-to-export,prefix,,,en,answer,8d91c7f1-ddf3-4048-a7f8-6a0a9273e9c3
,/shared-ownership-tenants,/right-to-buy-buying-your-council-home,prefix,,,en,answer,588168ed-6dfd-428c-a6a2-98436cf35b97
,/shipping-goods,/government/collections/transporting-goods,prefix,,,en,guide,7a6ae88c-4ca4-4d3e-807e-a40f6e1f039d
,/skills-and-business-growth-programme-glasgow,/business-finance-support-finder,prefix,,,en,business_support,cc6f7e09-9db4-4988-8e22-d8afec2aa7c4
,/skills-support-workforce-programme,,prefix,410,,,placeholder,5d707d2a-bf94-40a2-ac81-a8a0235a1a19
,/slaughterman-licence-england-wales-scotland,/government/publications/application-for-a-provisional-licence-to-kill-or-slaughter-animals-certificate-of-competence,exact,,,en,licence,da0c8c4a-eaf9-407f-8b40-e72ab675ebc9
,/small-business-growth-grant-knowsley,/business-finance-support-finder/search,prefix,,,en,placeholder,2e22fee7-3f47-49f1-8ab9-3e4912bbd100
,/small-commercial-vessel-certificate,,,,404,en,licence,02351d29-4830-43cf-9925-90099dba42f6
,/smart-meters,/guidance/smart-meters-how-they-work,prefix,,,en,answer,3d81c854-12b5-4b30-aa33-e22c78edd18a
,/sme-small-capital-investment-grant,,prefix,410,,en,business_support,72a53bcb-87bc-4dea-ba91-92204c1b7677
,/social-enterprise-focus,,prefix,410,,,placeholder,941df193-b24a-4d5d-b0b8-257cfa4f5ac3
,/social-enterprise-way-leicestershire,/business-finance-support-finder,prefix,,,en,placeholder,d7fbcd6a-04cd-4b57-832c-bbcded14572b
,/social-fund,,,,404,en,answer,8ffdb534-8408-4a2b-b8d5-0e5f4df33c33
,/solent-green-grants,/business-finance-support-finder,prefix,,,,placeholder,ac38ef39-d238-4845-9097-cfa8095785a8
,/solicitors-tax-campaign,/government/publications/2010-to-2015-government-policy-tax-evasion-and-avoidance/2010-to-2015-government-policy-tax-evasion-and-avoidance#appendix-9-hmrc-campaigns,exact,,,,placeholder,f157f084-3e77-4aa9-8f2a-4e0f79d11194
,/south-cambridgeshire-business-support,,prefix,410,,en,business_support,56217f2b-41a3-49e8-a781-c0e3f18a5978
,/south-west-loans-fund,/business-finance-support-finder/search,prefix,,,en,business_support,97c387c6-c11a-44c0-bbf9-053313d908a3
,/south-west-wales-property-development-fund,/business-finance-support-finder,prefix,,,en,business_support,6faea0ed-2dda-4ca1-b0ab-42b2a65c86df
,/special-educational-needs-disability-tribunal,/courts-tribunals/first-tier-tribunal-special-educational-needs-and-disability,prefix,,,en,guide,af9345fd-055a-442f-b850-059079bef963
,/spirit-enterprise-fund-north-east-england,/business-finance-support-finder,prefix,,,en,placeholder,41d78758-1ecd-401e-99d3-2325982a6da7
,/sports-visit-visa,/standard-visitor-visa,exact,,,,placeholder,80ddfb1e-1ad0-4d0a-84fa-65011ed1f56e
,/ssi-supply-chain-support-scheme,/business-finance-support-finder,prefix,,,en,business_support,70029c6b-ad91-4e3c-91f4-df2376f33d4e
,/ssi-task-force-apprenticeship-fund,/business-finance-support-finder,prefix,,,en,business_support,e3e6d009-a770-49a9-9ae8-8ab8cc772ed8
,/stamp-duty-land-tax-rates,/stamp-duty-land-tax,exact,,,,placeholder,2fca09cd-7e36-45f2-b87a-38d7fad536f1
,/start-up-loan-young-people,/start-up-loans,prefix,,,en,business_support,b588099d-a334-4c0f-8cb1-ed7526ac7668
,/start-up-loans-east-midlands,,prefix,410,,,placeholder,5818c395-0cea-48fc-b625-e8d5bf206abc
,/start-up-loans-fund,/start-up-loans,prefix,,,en,business_support,b9c6bdce-4843-4328-bbb6-e38b23300eea
,/start-up-support-north-west,,prefix,410,,,placeholder,515174c4-19c2-4744-a8bb-d414e05d39fd
,/start-up-support-southwark,/business-finance-support-finder/search,prefix,,,,placeholder,afa06c52-d6c5-4309-aceb-414d8e8ccb0a
,/start-your-business-south-wales,/business-finance-support-finder,prefix,,,en,business_support,4b2f8c8b-ea2e-419a-8340-394df51c22ba
,/start-your-own-business-courses-mentoring,,prefix,410,,en,business_support,205b26e3-2771-42a9-ac61-c4d67c33b6cf
,/starting-up-a-business,/set-up-business,prefix,,,en,guide,3c8fcdf8-6298-4811-a9c7-a2c6a039c093
,/startup-loans-cwrt,/start-up-loans,prefix,,,en,business_support,0b067b8f-394f-4110-906c-fed9dfda21b5
,/startup-loans-hbv,/business-finance-support-finder,prefix,,,en,placeholder,c8f4112d-9a02-458e-86f6-722abc5e8601
,/startup-loans-north-east-cumbria,/start-up-loans,prefix,,,en,business_support,06f91537-4235-4069-b1a6-178fcf8af149
,/startup-support-lancashire,/business-finance-support-finder/search,prefix,,,en,business_support,1152d5f6-9ab3-486d-8b42-f513e44483ea
,/state-pension-statement,/check-state-pension,prefix,,,en,placeholder,a23749bb-137d-4069-b23e-a68c1b67bd6e
,/stop-child-pasport,/stop-child-passport,prefix,,,,placeholder,8dee3597-7584-4dcb-8e8a-567ef298dfec
,/superfast-cornwall,,prefix,410,,,placeholder,0d002c6c-b137-47ff-991c-c291e6324775
,/supply-chain-management,,prefix,410,,en,business_support,610f583f-f022-44f1-9fdd-e880c31bfc79
,/supply-cross-river,/business-finance-support-finder,prefix,,,,placeholder,5998a49e-3cb6-49cb-a1c8-aa3e08257a39
,/supporting-sustainable-living-grant-scheme,,prefix,410,,en,business_support,4e2346c6-0a63-4ef8-9786-b28355a7a9f2
,/sure-start-childrens-centres,,,,404,en,place,dff99a66-40f9-4853-abf4-aa412e09cca1
,/survive-and-thrive-programme,/business-finance-support-finder,prefix,,,en,business_support,d72fca5a-4b1e-4632-bb43-c3f682e1ef3d
,/sustainable-energy-supply-chain-programme,/business-finance-support-finder,prefix,,,en,business_support,91a14c60-5bc2-48ae-9163-e310ac1bf91e
,/tax-buying-selling-shares,/tax-buy-shares,exact,,,,placeholder,c312592f-6d8b-421f-b79f-96a1356d530a
,/tax-disc,/vehicle-tax,exact,,,,placeholder,e41cf3a7-eb74-4a7c-9ac5-01f22239b854
,/taxfreesavings,/apply-tax-free-interest-on-savings/tax-free-savings,exact,,,,placeholder,5880d96e-3ab1-43b9-b0ee-9bd96f270c37
,/taxi-minicab-difference,/report-unlicenced-taxi,prefix,,,en,placeholder,8385925e-81e3-472a-9316-7b0b9371139b
,/taxi-vehicle-licence-northern-ireland,/taxi-vehicle-licence,prefix,,,en,placeholder,4b7ba4ee-a1b4-434d-93ff-61e6c0a72d43
,/tees-valley-business-growth-investment-scheme,,prefix,410,,,placeholder,dbc2b4d6-7c7e-4b15-8396-661020b04421
,/tees-valley-jobs-skills-investment-scheme,,prefix,410,,,placeholder,d177a2b2-59d9-43b6-8759-2db92d2d9b90
,/tell-hmrc-about-a-change-of-name-or-address,/tell-hmrc-change-of-details,exact,,,,placeholder,8034085a-2fdd-4dd2-ae4a-3997ac89f2f8
,/tell-us-once-report-death,/after-a-death,exact,,,en,transaction,2fc2938a-4e54-4cd7-9672-8972dac7220e
,/temporary-export-licence-for-cultural-goods,/guidance/export-art-antiques-and-cultural-goods-special-rules,prefix,,,en,licence,f7f2f1a9-f908-499d-a61d-81c743fc1578
,/the-community-generation-fund,/business-finance-support-finder,prefix,,,en,business_support,d2c7d1dd-c25e-4497-9974-8532a1329005
,/the-highway-code,/guidance/the-highway-code,prefix,,,en,placeholder,e7c0725d-5f16-4ba8-a482-de827ed69f4e
,/the-south-east-wales-community-economic-development-ced-programme,/business-finance-support-finder,prefix,,,en,business_support,25c64144-f060-42ec-b0f9-c37d580ba4b3
,/touring-caravan-exemption-certificate,/guidance/camping-and-caravanning-site-exemption-certificates-know-the-rules-and-how-to-apply,exact,,,,placeholder,bd122b09-821a-47b3-8163-2a13dc42208f
,/tradelinks-programme-northern-ireland,/business-finance-support-finder,prefix,,,en,business_support,7b9acb5a-003d-428b-996c-b3b4cde1ce43
,/transaction-finished,/done/transaction-finished,prefix,,,en,completed_transaction,4c04e67c-1b73-419f-8658-6620272ebe7a
,/transferring-vehicle-registration-number-form-v317,/keep-registration-number,prefix,,,,placeholder,5f08cde4-82c4-491e-9f54-8de04cd761bc
,/uk-government-the-role-of-the-monarch,,,,404,en,answer,f38b478f-8763-47c7-9277-102a3e449b20
,/uk-system-of-government,,,,404,en,guide,4d1af1fd-a9bb-4f81-a3b8-ac976e9af0d8
,/ukti-services-exporters,/dit-services-exporters,prefix,,,en,business_support,202f6b09-6090-4f13-8301-b0e1301516c8
,/ulster-community-investment-trust,/business-finance-support-finder,prefix,,,en,business_support,ca560af2-cdb5-4885-9dd7-28c2f891d50b
,/understand-business-cash-flow,/write-business-plan,prefix,,,en,video,d13d46f6-e484-4c9c-a1e5-3781a8192794
,/understand-self-assessment-statement,/understand-self-assessment-bill,exact,,,,placeholder,3b3ab024-50cd-4afe-a4aa-632abbf3837a
,/understanding-business-it-needs,/business-support-helpline,prefix,,,en,video,42adaf68-6692-4101-82a5-e7596bacb130
,/unlocking-business-investment,/business-finance-support-finder,prefix,,,en,placeholder,88861274-630f-4348-b49b-256f8fe6fc22
,/update-property-records-on-behalf-of-someone-else,/update-property-records-someone-dies,exact,,,,placeholder,a1cfbf47-5f63-4ddd-a94e-4d74685a1c5b
,/update-savings-income,/apply-tax-free-interest-on-savings,exact,,,en,transaction,7af9c45f-43af-4d6d-bb39-4bf67af4d6f1
,/using-the-road-159-to-203,/guidance/the-highway-code/using-the-road-159-to-203,prefix,,,en,placeholder,ae6a777e-4884-4875-a343-baa6a93d3cb7
,/valuation-offices-council-tax,/government/publications/contacting-your-regional-valuation-office,prefix,,,en,placeholder,24690fdb-35e4-4925-8eb7-120efd3992ed
,/vat-consumers,/tax-on-shopping,exact,,,,placeholder,b3bfac94-07f1-4874-952b-5e06bb899347
,/vat-on-digital-services-in-the-eu,/guidance/register-and-use-the-vat-mini-one-stop-shop,prefix,,,,placeholder,77f6f30b-3005-404b-acff-8a6ef9e15d4f
,/vat-online-services-helpdesk,/government/organisations/hm-revenue-customs/contact/vat-online-services-helpdesk,exact,,,en,answer,4fe235ec-32d1-4411-b667-cceb6006ad6d
,/vehicle-identity-check,/scrapped-and-written-off-vehicles,prefix,,,en,answer,8b60c2f2-93f3-4fed-9fb7-789986f4ff35
,/vehicle-identity-check-site,/vehicle-identity-check,prefix,,,en,placeholder,0a0729a1-5cd2-480f-8c2f-8f8bab8e86c2
,/vehicle-licences-private-hire-taxis,/taxi-vehicle-licence,prefix,,,en,placeholder,63dc26eb-c35e-4630-aa70-85e2b6aeb9bd
,/vehicle-licences-private-hire-taxis-london,/taxi-vehicle-licence,prefix,,,en,placeholder,412ece7d-d464-4ade-a27a-8d149c4367e7
,/vehicle-operator-licensing-partner-self-service,/guidance/check-vehicle-operator-licences-as-an-enforcement-body,exact,,,en,transaction,bf038134-27e5-4440-92d4-f4ea614a3f56
,/vehicle-operator-local-authority-inbox,/guidance/check-bus-service-registrations-as-a-council-or-transport-authority,exact,,,en,transaction,91c4a01d-2469-4ea0-8dd1-bf8e400b690d
,/vehicle-registration-certificate-v5c-log-book,/vehicle-log-book,prefix,,,en,answer,3a1d8d7f-f129-4aac-9cc3-229c66d45f7e
,/vertigo-and-driving,/dizziness-and-driving,prefix,,,en,placeholder,1a4ec458-08d7-4e32-88c3-a0a608d59b3f
,/voluntary-disclosure-health-wellbeing,/government/publications/hmrc-your-guide-to-making-a-disclosure,exact,,,,placeholder,6335c213-fcb0-42e2-9653-2cfe04c3c6d6
,/voting-in-uk,,,,404,en,guide,2b7cbef1-c8c1-4993-9237-d3fe9f1084e7
,/waiting-and-parking,/guidance/the-highway-code/waiting-and-parking-238-to-252,prefix,,,,placeholder,0793365a-0028-4fd6-897f-63c96c37f377
,/wales-economic-growth-fund-phase-2,/business-finance-support-finder,prefix,,,en,business_support,5feef62d-7f8a-4da5-b60d-00fb8912aacd
,/wales-true-taste-awards,,prefix,410,,en,business_support,0e7cfc1c-5568-4b16-a8aa-434bc216772a
,/warm-front-helpline,/browse/housing-local-services/household-energy,prefix,,,en,placeholder,0ed1d731-e715-490d-89b7-0e67ead4d188
,/warm-front-scheme,/browse/housing-local-services/household-energy,prefix,,,en,placeholder,7a0a5efd-7b00-4b1c-9027-86f27689e2a9
,/warmthiswinter,/energy-grants-calculator,exact,,,en,campaign,246f7128-f0ef-4765-a8ce-50819de8c9ec
,/waste-packaging-reprocessor-accreditation-england-wales-scotland,/guidance/packaging-waste-apply-to-be-an-accredited-reprocessor-or-exporter,exact,,,en,licence,12a84591-2a65-473f-adf4-b2a31213878e
,/west-midlands-business-export,/business-finance-support-finder,prefix,,,en,business_support,597cc732-1958-4489-a22a-c2a64b402553
,/what-is-corporation-tax,/corporation-tax,prefix,,,en,video,eb78b53a-c4b8-4ae8-95d2-76d1113792e0
,/wine-producer-s-licence,/guidance/wine-duty,exact,,,en,licence,29c316a3-a3e3-4580-bbe2-dfebf18c21d6
,/women-and-broadband-scheme,/business-finance-support-finder,prefix,,,en,business_support,a63d2b21-101e-4515-b11b-adb3a4419057
,/women-in-rural-enterprise,,prefix,410,,en,placeholder,c4dc325d-0979-4a9e-95e5-50cd0b9ace8b
,/wood-energy-business-scheme,,prefix,410,,en,business_support,4a5946a6-b778-4a8b-b06f-8596d6a7e3d6
,/worcestershire-proof-concept-fund,,prefix,410,,en,business_support,04b68ebd-c1bf-430d-aaa8-f639524bb175
,/worcestershire-shropshire-business-loan-fund,/business-finance-support-finder/search,prefix,,,en,placeholder,29e6e489-30e9-4e4c-bbf8-1a3db0b5e2bd
,/working-social-enterprise,/business-finance-support-finder,prefix,,,,placeholder,01075021-589d-4980-b68a-8f124c29712f
,/workplace-accidents-and-injuries,,,,404,en,guide,0cedbbe8-9bf7-47d9-b948-c0a22a3b4211
,/workplacepensions,/workplace-pensions,exact,,,,placeholder,2f703f0e-5603-4c02-9fb5-7165ea6df5d1
,/young-person-wage-incentives,/business-finance-support-finder/search,exact,,,en,business_support,3476214e-0204-49d6-aac7-4d3c54f1dd60
,/young-recruits-programme,/business-finance-support-finder,prefix,,,en,business_support,840f291c-8db5-4acf-8ddd-4003c7f9d15c
,/apply-special-educational-needs-assessment,/children-with-special-educational-needs,exact,,,en,local_transaction,d0365cbf-4ae5-4348-aff2-45ce167a75ab
,/find-school-in-england,/school-performance-tables,exact,,,en,transaction,b42359f2-d301-4dd8-8f3a-d461f823536a
,/disabled-parents,,,,404,en,guide,a8f2b2eb-5d86-43b0-a804-4ac3cf59cf7a
